Trigram;Entity
ABW;Aruba
ACI;Ashmore and Cartier Islands
AFG;Afghanistan
AGO;Angola
AIA;Anguilla
AK;Alaska (USA)
AL;Alabama (USA)
ALB;Albania
AND;Andorra
ANT;Netherlands Antilles
AR;Arkansas (USA)
ARE;United Arab Emirates
ARG;Argentina
ARM;Armenia
ASM;American Samoa
ATA;Antarctica
ATF;French Southern Territories
ATG;Antigua and Barbuda
AUS;Australia
AUT;Austria
AZ;Arizona (USA)
AZE;Azerbaijan
BDI;Burundi
BEL;Belgium
BEN;Benin
BFA;Burkina Faso
BGD;Bangladesh
BGR;Bulgaria
BHR;Bahrain
BHS;The Bahamas
BIH;Bosnia-Herzegovina
BLR;Belarus
BLZ;Belize
BMU;Bermuda
BOL;Bolivia
BRA;Brazil
BRB;Barbados
BRN;Brunei
BTN;Bhutan
BVT;Bouvet Island
BWA;Botswana
CA;California (USA)
CAF;Central African Republic
CAN;Canada
CCK;Cocos (Keeling) Islands
CHE;Switzerland
CHL;Chile
CHN;People's Republic of China
CIV;Côte d'Ivoire
CMR;Cameroun
CO;Colorado (USA)
COD;Democratic Republic of the Congo
COG;Republic of the Congo
COK;Cook Islands
COL;Colombia
COM;Comoros
CPV;Cape Verde
CRI;Costa Rica
CSI;Coral Sea Islands
CT;Connecticut (USA)
CUB;Cuba
CXR;Christmas Island
CYM;Cayman Islands
CYP;Cyprus
CZE;Czech Republic
DC;District of Columbia (USA)
DE;Delaware (USA)
DEU;Germany
DJI;Djibouti
DMA;Dominica
DNK;Denmark
DOM;Dominican Republic
DZA;Algeria
ECU;Ecuador
EGY;Egypt
ERI;Eritrea
ESH;Western Sahara
ESP;Spain
EST;Estonia
ETH;Ethiopia
FIN;Finland
FJI;Fiji
FL;Florida (USA)
FLK;Falkland Islands
FSM;Federated States of Micronesia
FRA;France
FRO;Faroe Islands
FYR;Macedonia, The Former Yugoslav Republic of
GA;Georgia (USA)
GAB;Gabon
GBR;United Kingdom (Great Britain & Northern Ireland)
GEO;Georgia
GHA;Ghana
GIB;Gibraltar
GIN;Guinea
GLP;Guadeloupe
GMB;The Gambia
GNB;Guinea-Bissau
GNQ;Equatorial Guinea
GRC;Greece
GRD;Grenada
GRL;Greenland
GTM;Guatemala
GUF;French Guiana
GUM;Guam
GUY;Guyana
HI;Hawaii (USA)
HKG;Hong Kong
HMD;Heard and McDonald Islands
HND;Honduras
HQI;Howland Island
HRV;Croatia
HTI;Haiti
HUN;Hungary
IA;Iowa (USA)
ID;Idaho (USA)
IDN;Indonesia
IL;Illinois (USA)
IN;Indiana (USA)
IND;India
IOT;British Indian Ocean Territory
IRL;Ireland
IRN;Iran
IRQ;Iraq
ISL;Iceland
ISR;Israel
ITA;Italy
JAM;Jamaica
JNM;Jan Mayen Island
JOR;Jordan
JPN;Japan
JQA;Johnston Atoll
KAZ;Kazakhstan
KEN;Kenya
KGZ;Kyrgyzstan
KHM;Cambodia
KIR;Kiribati
KNA;Saint Kitts and Nevis
KOR;Republic of Korea
KWT;Kuwait
KY;Kentucky (USA)
LA;Louisiana (USA)
LAO;Laos
LBN;Lebanon
LBR;Liberia
LBY;Libya
LCA;Saint Lucia
LIE;Liechtenstein
LKA;Sri Lanka
LSO;Lesotho
LTU;Lithuania
LUX;Luxembourg
LVA;Latvia
MA;Massachusetts (USA)
MAC;Macau
MAR;Morocco
MCO;Monaco
MD;Maryland (USA)
MDA;Republic of Moldova
MDG;Madagascar
MDV;The Maldives
ME;Maine (USA)
MEX;Mexico
MHL;Marshall Islands
MI;Michigan (USA)
MLI;Mali
MLT;Malta
MMR;Myanmar
MN;Minnesota (USA)
MNE;Montenegro
MNG;Mongolia
MNP;Northern Mariana Islands
MO;Missouri (USA)
MOZ;Mozambique
MRT;Mauritania
MS;Mississippi (USA)
MSR;Montserrat
MT;Montana (USA)
MTQ;Martinique
MUS;Mauritius
MWI;Malawi
MYS;Malaysia
NAM;Namibia
NC;North Carolina (USA)
NCL;New Caledonia
ND;North Dakota (USA)
NE;Nebraska (USA)
NER;Niger
NFK;Norfolk Island
NGA;Nigeria
NH;New Hampshire (USA)
NIC;Nicaragua
NIU;Niue
NJ;New Jersey (USA)
NLD;Netherlands
NM;New Mexico (USA)
NOR;Norway
NPL;Nepal
NRU;Nauru
NV;Nevada (USA)
NY;New York (USA)
NZL;New Zealand
OH;Ohio (USA)
OK;Oklahoma (USA)
OMN;Oman
OR;Oregon (USA)
PA;Pennsylvania (USA)
PAK;Pakistan
PAN;Panama
PCN;Pitcairn Islands
PER;Peru
PFI;Paracel Islands
PHL;Philippines
PLW;Palau
PNG;Papua New Guinea
POL;Poland
PRI;Puerto Rico
PRK;Democratic People's Republic of Korea
PRT;Portugal
PRY;Paraguay
PSE;Occupied Palestinian Territory
PYF;French Polynesia
QAT;Qatar
REU;Réunion
RI;Rhode Island (USA)
ROU;Romania
RUS;Russia
RWA;Rwanda
SAU;Saudi Arabia
SC;South Carolina (USA)
SCG;Serbia and Montenegro
SD;South Dakota (USA)
SDN;Sudan
SEN;Senegal
SGS;South Georgia and South Sandwich Islands
SGP;Singapore
SHN;Saint Helena
SJM;Svalbard and Jan Mayen Islands
SLB;Solomon Islands
SLE;Sierra Leone
SLV;El Salvador
SMR;San Marino
SOM;Somalia
SPM;Saint Pierre and Miquelon
SRB;Serbia
STP;São Tomé and Príncipe
SUR;Suriname
SVK;Slovakia
SVN;Slovenia
SWE;Sweden
SWZ;Swaziland
SYC;Seychelles
SYR;Syria
TCA;Turks and Caicos Islands
TCD;Chad
TGO;Togo
THA;Thailand
TJK;Tajikistan
TKL;Tokelau
TKM;Turkmenistan
TLS;Timor-Leste
TN;Tennessee (USA)
TON;Tonga
TTO;Trinidad and Tobago
TUN;Tunisia
TUR;Turkey
TUV;Tuvalu
TWN;Republic of China (Taiwan)
TX;Texas (USA)
TZN;Tanzania
UGA;Uganda
UKR;Ukraine
UMI;U.S. Minor Outlying Islands
URY;Uruguay
USA;United States
UT;Utah (USA)
UZB;Uzbekistan
VA;Virginia (USA)
VAT;Vatican City (Holy See)
VCT;Saint Vincent and the Grenadines
VEN;Venezuela
VGB;British Virgin Islands
VIR;U.S. Virgin Islands
VNM;Vietnam
VT;Vermont (USA)
VUT;Vanuatu
WA;Washington (USA)
WI;Wisconsin (USA)
WLF;Wallis and Futuna Islands
WSM;Samoa
WV;West Virginia (USA)
WY;Wyoming (USA)
YEM;Yemen
YUG;Yugoslavia (Federal Republic of)
ZAF;South Africa
ZMB;Zambia
ZWE;Zimbabwe
